Techstack,Links
"React, Node.js, MongoDB",https://example.com/ecommerce-platform
"Python, FastAPI, PostgreSQL",https://example.com/data-analytics-dashboard
"Java, Spring Boot, MySQL, AWS",https://example.com/banking-system
"React Native, Firebase, Redux",https://example.com/mobile-app
"Python, Django, Redis, Docker",https://example.com/task-management
"Vue.js, Express, MongoDB",https://example.com/social-media-app
"Angular, .NET Core, SQL Server",https://example.com/crm-system
"Python, Flask, TensorFlow, AWS",https://example.com/ml-recommendation
"React, GraphQL, PostgreSQL",https://example.com/content-management
"Kotlin, Android, Room, Retrofit",https://example.com/fitness-tracker
```

Save it.

---

## ðŸ“‹ STEP 6: Your Folder Structure Should Look Like This
```
cold-email-generator/
â”œâ”€â”€ app.py
â”œâ”€â”€ chains.py
â”œâ”€â”€ portfolio.py
â”œâ”€â”€ utils.py
â”œâ”€â”€ requirements.txt
â””â”€â”€ resource/
    â””â”€â”€ my_portfolio.csv